{
	"partitions" : [
		{
			"name" : "Top",
			"pins" : [
				{
					"name" : "BB_SYSTEM_PWM1_Out",
					"strict" : false
				},
				{
					"name" : "BB_SYSTEM_IN11_Out",
					"strict" : false
				},
				{
					"name" : "BB_SYSTEM_IN12_Out",
					"strict" : false
				},
				{
					"name" : "BB_SYSTEM_PWM2_Out",
					"strict" : false
				},
				{
					"name" : "BB_SYSTEM_IN21_Out",
					"strict" : false
				},
				{
					"name" : "BB_SYSTEM_IN22_Out",
					"strict" : false
				},
				{
					"name" : "BB_SYSTEM_PWM3_Out",
					"strict" : false
				},
				{
					"name" : "BB_SYSTEM_IN31_Out",
					"strict" : false
				},
				{
					"name" : "BB_SYSTEM_IN32_Out",
					"strict" : false
				},
				{
					"name" : "BB_SYSTEM_PWM4_Out",
					"strict" : false
				},
				{
					"name" : "BB_SYSTEM_IN41_Out",
					"strict" : false
				},
				{
					"name" : "BB_SYSTEM_IN42_Out",
					"strict" : false
				},
				{
					"name" : "BB_SYSTEM_TRIG2_Out",
					"strict" : false
				},
				{
					"name" : "BB_SYSTEM_TRIG3_Out",
					"strict" : false
				},
				{
					"name" : "BB_SYSTEM_TRIG4_Out",
					"strict" : false
				},
				{
					"name" : "BB_SYSTEM_MISO_Out",
					"strict" : false
				},
				{
					"name" : "BB_SYSTEM_LEDs_OutBus[0]",
					"strict" : false
				},
				{
					"name" : "BB_SYSTEM_LEDs_OutBus[1]",
					"strict" : false
				},
				{
					"name" : "BB_SYSTEM_LEDs_OutBus[2]",
					"strict" : false
				},
				{
					"name" : "BB_SYSTEM_LEDs_OutBus[3]",
					"strict" : false
				},
				{
					"name" : "BB_SYSTEM_RESET_InLow",
					"strict" : false
				},
				{
					"name" : "BB_SYSTEM_CLOCK_50",
					"strict" : false
				},
				{
					"name" : "BB_SYSTEM_CS_In",
					"strict" : false
				},
				{
					"name" : "BB_SYSTEM_SCLK_In",
					"strict" : false
				},
				{
					"name" : "BB_SYSTEM_ECHO4_In",
					"strict" : false
				},
				{
					"name" : "BB_SYSTEM_ECHO1_In",
					"strict" : false
				},
				{
					"name" : "BB_SYSTEM_ECHO2_In",
					"strict" : false
				},
				{
					"name" : "BB_SYSTEM_ECHO3_In",
					"strict" : false
				},
				{
					"name" : "BB_SYSTEM_MOSI_In",
					"strict" : false
				},
				{
					"name" : "BB_SYSTEM_PHASEA1_In",
					"strict" : false
				},
				{
					"name" : "BB_SYSTEM_PHASEA2_In",
					"strict" : false
				},
				{
					"name" : "BB_SYSTEM_PHASEA3_In",
					"strict" : false
				},
				{
					"name" : "BB_SYSTEM_PHASEA4_In",
					"strict" : false
				}
			]
		}
	]
}